{"generated_at": 1783118728.6765323, "channels": {"3": {"name": "IONIVAC", "latest": {"ts": 1783118724.4800081, "channel": 3, "status": 0, "pressure_mbar": 5.66e-08, "raw": "0,\t5.6600E-08"}, "recent": [[1783118370.3906794, 5.58e-08, 0], [1783118375.4291291, 5.59e-08, 0], [1783118380.4670963, 5.59e-08, 0], [1783118385.4777575, 5.59e-08, 0], [1783118390.5268, 5.59e-08, 0], [1783118395.5640712, 5.59e-08, 0], [1783118400.5935757, 5.59e-08, 0], [1783118405.6217878, 5.59e-08, 0], [1783118410.6444268, 5.59e-08, 0], [1783118415.6771615, 5.59e-08, 0], [1783118420.7108736, 5.59e-08, 0], [1783118425.74417, 5.59e-08, 0], [1783118430.7935872, 5.59e-08, 0], [1783118435.8181078, 5.59e-08, 0], [1783118440.8394644, 5.59e-08, 0], [1783118445.8766794, 5.59e-08, 0], [1783118450.9147243, 5.59e-08, 0], [1783118455.950698, 5.6e-08, 0], [1783118460.9611936, 5.6e-08, 0], [1783118466.011402, 5.6e-08, 0], [1783118471.0449858, 5.6e-08, 0], [1783118476.061059, 5.6e-08, 0], [1783118481.1093123, 5.6e-08, 0], [1783118486.1451843, 5.6e-08, 0], [1783118491.1605265, 5.6e-08, 0], [1783118496.1943822, 5.6e-08, 0], [1783118501.2442257, 5.6e-08, 0], [1783118506.277693, 5.6e-08, 0], [1783118511.3192635, 5.6e-08, 0], [1783118516.333477, 5.6e-08, 0], [1783118521.3629467, 5.6e-08, 0], [1783118526.4164424, 5.6e-08, 0], [1783118531.4326968, 5.6e-08, 0], [1783118536.470425, 5.6e-08, 0], [1783118541.5297906, 5.6e-08, 0], [1783118546.5667582, 5.6e-08, 0], [1783118551.5807836, 5.61e-08, 0], [1783118556.6104293, 5.61e-08, 0], [1783118561.6477478, 5.61e-08, 0], [1783118566.6781242, 5.61e-08, 0], [1783118571.7109668, 5.61e-08, 0], [1783118576.7613525, 5.61e-08, 0], [1783118581.7952282, 5.62e-08, 0], [1783118586.853176, 5.62e-08, 0], [1783118591.8607833, 5.62e-08, 0], [1783118596.9112322, 5.62e-08, 0], [1783118601.9441166, 5.62e-08, 0], [1783118608.6768515, 5.62e-08, 0], [1783118613.6948724, 5.62e-08, 0], [1783118618.744707, 5.62e-08, 0], [1783118623.778293, 5.62e-08, 0], [1783118628.8112376, 5.62e-08, 0], [1783118633.8606503, 5.63e-08, 0], [1783118638.8942616, 5.63e-08, 0], [1783118643.927723, 5.63e-08, 0], [1783118648.972764, 5.63e-08, 0], [1783118654.0105395, 5.63e-08, 0], [1783118659.0444503, 5.63e-08, 0], [1783118664.0850978, 5.64e-08, 0], [1783118669.1108584, 5.64e-08, 0], [1783118674.1615517, 5.64e-08, 0], [1783118679.1942239, 5.64e-08, 0], [1783118684.2281864, 5.64e-08, 0], [1783118689.2464225, 5.64e-08, 0], [1783118694.2952437, 5.64e-08, 0], [1783118699.3328931, 5.64e-08, 0], [1783118704.344598, 5.65e-08, 0], [1783118709.3940477, 5.65e-08, 0], [1783118714.4281116, 5.66e-08, 0], [1783118719.4669912, 5.66e-08, 0], [1783118724.4800081, 5.66e-08, 0]], "history": [[1783118340, 5.5883333333333334e-08], [1783118400, 5.5908333333333336e-08], [1783118460, 5.6e-08], [1783118520, 5.605e-08], [1783118580, 5.6216666666666664e-08], [1783118640, 5.636666666666667e-08], [1783118700, 5.6560000000000005e-08]]}}}