{"generated_at": 1783120862.463848, "channels": {"3": {"name": "IONIVAC", "latest": {"ts": 1783120861.0404484, "channel": 3, "status": 0, "pressure_mbar": 5.5e-08, "raw": "0,\t5.5000E-08"}, "recent": [[1783118370.3906794, 5.58e-08, 0], [1783118375.4291291, 5.59e-08, 0], [1783118380.4670963, 5.59e-08, 0], [1783118385.4777575, 5.59e-08, 0], [1783118390.5268, 5.59e-08, 0], [1783118395.5640712, 5.59e-08, 0], [1783118400.5935757, 5.59e-08, 0], [1783118405.6217878, 5.59e-08, 0], [1783118410.6444268, 5.59e-08, 0], [1783118415.6771615, 5.59e-08, 0], [1783118420.7108736, 5.59e-08, 0], [1783118425.74417, 5.59e-08, 0], [1783118430.7935872, 5.59e-08, 0], [1783118435.8181078, 5.59e-08, 0], [1783118440.8394644, 5.59e-08, 0], [1783118445.8766794, 5.59e-08, 0], [1783118450.9147243, 5.59e-08, 0], [1783118455.950698, 5.6e-08, 0], [1783118460.9611936, 5.6e-08, 0], [1783118466.011402, 5.6e-08, 0], [1783118471.0449858, 5.6e-08, 0], [1783118476.061059, 5.6e-08, 0], [1783118481.1093123, 5.6e-08, 0], [1783118486.1451843, 5.6e-08, 0], [1783118491.1605265, 5.6e-08, 0], [1783118496.1943822, 5.6e-08, 0], [1783118501.2442257, 5.6e-08, 0], [1783118506.277693, 5.6e-08, 0], [1783118511.3192635, 5.6e-08, 0], [1783118516.333477, 5.6e-08, 0], [1783118521.3629467, 5.6e-08, 0], [1783118526.4164424, 5.6e-08, 0], [1783118531.4326968, 5.6e-08, 0], [1783118536.470425, 5.6e-08, 0], [1783118541.5297906, 5.6e-08, 0], [1783118546.5667582, 5.6e-08, 0], [1783118551.5807836, 5.61e-08, 0], [1783118556.6104293, 5.61e-08, 0], [1783118561.6477478, 5.61e-08, 0], [1783118566.6781242, 5.61e-08, 0], [1783118571.7109668, 5.61e-08, 0], [1783118576.7613525, 5.61e-08, 0], [1783118581.7952282, 5.62e-08, 0], [1783118586.853176, 5.62e-08, 0], [1783118591.8607833, 5.62e-08, 0], [1783118596.9112322, 5.62e-08, 0], [1783118601.9441166, 5.62e-08, 0], [1783118608.6768515, 5.62e-08, 0], [1783118613.6948724, 5.62e-08, 0], [1783118618.744707, 5.62e-08, 0], [1783118623.778293, 5.62e-08, 0], [1783118628.8112376, 5.62e-08, 0], [1783118633.8606503, 5.63e-08, 0], [1783118638.8942616, 5.63e-08, 0], [1783118643.927723, 5.63e-08, 0], [1783118648.972764, 5.63e-08, 0], [1783118654.0105395, 5.63e-08, 0], [1783118659.0444503, 5.63e-08, 0], [1783118664.0850978, 5.64e-08, 0], [1783118669.1108584, 5.64e-08, 0], [1783118674.1615517, 5.64e-08, 0], [1783118679.1942239, 5.64e-08, 0], [1783118684.2281864, 5.64e-08, 0], [1783118689.2464225, 5.64e-08, 0], [1783118694.2952437, 5.64e-08, 0], [1783118699.3328931, 5.64e-08, 0], [1783118704.344598, 5.65e-08, 0], [1783118709.3940477, 5.65e-08, 0], [1783118714.4281116, 5.66e-08, 0], [1783118719.4669912, 5.66e-08, 0], [1783118724.4800081, 5.66e-08, 0], [1783118729.526788, 5.66e-08, 0], [1783118734.561269, 5.66e-08, 0], [1783118739.5949767, 5.66e-08, 0], [1783118744.626841, 5.66e-08, 0], [1783118749.6768901, 5.66e-08, 0], [1783118754.710447, 5.66e-08, 0], [1783118759.747805, 5.67e-08, 0], [1783118764.791192, 5.67e-08, 0], [1783118769.8108957, 5.67e-08, 0], [1783118774.8510993, 5.67e-08, 0], [1783118779.883054, 5.67e-08, 0], [1783118784.942779, 5.67e-08, 0], [1783118789.9773004, 5.67e-08, 0], [1783118795.0179634, 5.67e-08, 0], [1783118800.0389152, 5.68e-08, 0], [1783118805.0773778, 5.68e-08, 0], [1783118810.1157572, 5.68e-08, 0], [1783118815.1524887, 5.69e-08, 0], [1783118820.1901348, 5.69e-08, 0], [1783118825.2280953, 5.69e-08, 0], [1783118830.2500305, 5.69e-08, 0], [1783118835.2875073, 5.69e-08, 0], [1783118840.3094378, 5.69e-08, 0], [1783118845.3623745, 5.69e-08, 0], [1783118850.4007406, 5.69e-08, 0], [1783118855.4228404, 5.69e-08, 0], [1783118860.4600296, 5.69e-08, 0], [1783118865.48193, 5.69e-08, 0], [1783118870.5029793, 5.69e-08, 0], [1783118875.5414388, 5.69e-08, 0], [1783118880.5786657, 5.7e-08, 0], [1783118885.616963, 5.7e-08, 0], [1783118890.6545959, 5.7e-08, 0], [1783118895.6758149, 5.7e-08, 0], [1783118900.6981823, 5.71e-08, 0], [1783118905.735792, 5.71e-08, 0], [1783118910.7736957, 5.71e-08, 0], [1783118915.811302, 5.71e-08, 0], [1783118920.849064, 5.71e-08, 0], [1783118925.8867338, 5.71e-08, 0], [1783118930.9246702, 5.71e-08, 0], [1783118935.9461231, 5.71e-08, 0], [1783118940.9842148, 5.71e-08, 0], [1783118946.0222056, 5.72e-08, 0], [1783118951.04348, 5.72e-08, 0], [1783118956.0651972, 5.72e-08, 0], [1783118961.1032913, 5.72e-08, 0], [1783118966.140075, 5.73e-08, 0], [1783118971.1782608, 5.73e-08, 0], [1783118976.2156644, 5.73e-08, 0], [1783118981.2537332, 5.73e-08, 0], [1783118986.2907894, 5.73e-08, 0], [1783118991.328959, 5.73e-08, 0], [1783118996.3666975, 5.73e-08, 0], [1783119001.3889081, 5.74e-08, 0], [1783119006.4257817, 5.74e-08, 0], [1783119011.4639814, 5.74e-08, 0], [1783119016.4709394, 5.74e-08, 0], [1783119021.5239854, 5.74e-08, 0], [1783119026.5612845, 5.74e-08, 0], [1783119031.5718017, 5.74e-08, 0], [1783119036.6217065, 5.75e-08, 0], [1783119041.6563146, 5.75e-08, 0], [1783119046.7056012, 5.75e-08, 0], [1783119051.7447782, 5.75e-08, 0], [1783119056.7879434, 5.75e-08, 0], [1783119061.822343, 5.76e-08, 0], [1783119066.8562715, 5.76e-08, 0], [1783119071.8712351, 5.76e-08, 0], [1783119076.9213665, 5.76e-08, 0], [1783119081.95499, 5.76e-08, 0], [1783119086.9882, 5.76e-08, 0], [1783119092.021724, 5.76e-08, 0], [1783119097.0711923, 5.76e-08, 0], [1783119102.1109142, 5.76e-08, 0], [1783119107.1485183, 5.76e-08, 0], [1783119112.1862702, 5.76e-08, 0], [1783119117.2212558, 5.76e-08, 0], [1783119122.245816, 5.76e-08, 0], [1783119127.2780464, 5.76e-08, 0], [1783119132.304391, 5.77e-08, 0], [1783119137.339194, 5.77e-08, 0], [1783119142.38051, 5.77e-08, 0], [1783119147.3956888, 5.77e-08, 0], [1783119152.439996, 5.77e-08, 0], [1783119157.474922, 5.77e-08, 0], [1783119162.4885488, 5.78e-08, 0], [1783119167.53831, 5.78e-08, 0], [1783119172.572234, 5.78e-08, 0], [1783119177.612523, 5.78e-08, 0], [1783119182.650603, 5.78e-08, 0], [1783119187.688296, 5.78e-08, 0], [1783119192.722135, 5.78e-08, 0], [1783119197.7549078, 5.78e-08, 0], [1783119202.788498, 5.78e-08, 0], [1783119207.838913, 5.79e-08, 0], [1783119212.8766935, 5.79e-08, 0], [1783119217.9049346, 5.8e-08, 0], [1783119222.9389455, 5.8e-08, 0], [1783119227.9897058, 5.8e-08, 0], [1783119233.0218258, 5.8e-08, 0], [1783119238.0642521, 5.8e-08, 0], [1783119243.0787055, 5.8e-08, 0], [1783119248.124885, 5.81e-08, 0], [1783119253.1622024, 5.81e-08, 0], [1783119258.175239, 5.82e-08, 0], [1783119263.2224224, 5.82e-08, 0], [1783119268.2598839, 5.82e-08, 0], [1783119273.2885313, 5.82e-08, 0], [1783119278.3307257, 5.82e-08, 0], [1783119283.3722892, 5.83e-08, 0], [1783119288.4045556, 5.83e-08, 0], [1783119293.4218693, 5.83e-08, 0], [1783119298.4607162, 5.83e-08, 0], [1783119303.5080333, 5.83e-08, 0], [1783119308.5453227, 5.84e-08, 0], [1783119313.5609462, 5.84e-08, 0], [1783119318.604495, 5.84e-08, 0], [1783119323.6269417, 5.84e-08, 0], [1783119328.6647072, 5.84e-08, 0], [1783119333.6976, 5.84e-08, 0], [1783119338.7164273, 5.84e-08, 0], [1783119343.7625887, 5.84e-08, 0], [1783119348.7999623, 5.84e-08, 0], [1783119353.836975, 5.84e-08, 0], [1783119358.8454416, 5.85e-08, 0], [1783119363.8957877, 5.85e-08, 0], [1783119368.9293292, 5.85e-08, 0], [1783119373.9622812, 5.85e-08, 0], [1783119379.0107849, 5.86e-08, 0], [1783119384.0448978, 5.86e-08, 0], [1783119389.0847309, 5.86e-08, 0], [1783119394.0953536, 5.86e-08, 0], [1783119399.1449256, 5.86e-08, 0], [1783119404.1827652, 5.86e-08, 0], [1783119409.2127519, 5.86e-08, 0], [1783119414.2458518, 5.86e-08, 0], [1783119419.2961514, 5.87e-08, 0], [1783119424.3291879, 5.87e-08, 0], [1783119429.3624709, 5.87e-08, 0], [1783119434.4088414, 5.87e-08, 0], [1783119439.4460962, 5.87e-08, 0], [1783119444.4842865, 5.87e-08, 0], [1783119449.5217147, 5.87e-08, 0], [1783119454.5375743, 5.87e-08, 0], [1783119459.596732, 5.87e-08, 0], [1783119464.633494, 5.87e-08, 0], [1783119469.6722426, 5.87e-08, 0], [1783119474.7104347, 5.87e-08, 0], [1783119479.7462428, 5.87e-08, 0], [1783119484.7858274, 5.87e-08, 0], [1783119489.799031, 5.87e-08, 0], [1783119494.8452134, 5.87e-08, 0], [1783119499.8796158, 5.87e-08, 0], [1783119504.9136977, 