{"generated_at": 1784327482.613441, "channels": {"3": {"name": "IONIVAC", "latest": {"ts": 1784327478.0016332, "channel": 3, "status": 0, "pressure_mbar": 6.13e-06, "raw": "0,\t6.1300E-06"}, "recent": [[1784324962.723852, 6.36e-06, 0], [1784324967.7719927, 6.36e-06, 0], [1784324972.8059251, 6.36e-06, 0], [1784324977.856143, 6.36e-06, 0], [1784324982.8891802, 6.36e-06, 0], [1784324987.9393692, 6.36e-06, 0], [1784324992.9884174, 6.36e-06, 0], [1784324998.0221927, 6.36e-06, 0], [1784325003.0567102, 6.36e-06, 0], [1784325008.1080308, 6.36e-06, 0], [1784325013.1551468, 6.36e-06, 0], [1784325018.1927981, 6.36e-06, 0], [1784325023.2384808, 6.36e-06, 0], [1784325028.256112, 6.36e-06, 0], [1784325033.305921, 6.38e-06, 0], [1784325038.3552608, 6.39e-06, 0], [1784325043.389514, 6.39e-06, 0], [1784325048.4546986, 6.39e-06, 0], [1784325053.5045435, 6.39e-06, 0], [1784325058.5218701, 6.39e-06, 0], [1784325063.5562642, 6.39e-06, 0], [1784325068.606025, 6.39e-06, 0], [1784325073.6397767, 6.39e-06, 0], [1784325078.6728945, 6.39e-06, 0], [1784325083.722451, 6.39e-06, 0], [1784325088.7564104, 6.39e-06, 0], [1784325093.79015, 6.39e-06, 0], [1784325098.8408136, 6.39e-06, 0], [1784325103.8951333, 6.39e-06, 0], [1784325108.9394348, 6.39e-06, 0], [1784325113.9767199, 6.39e-06, 0], [1784325119.0239167, 6.39e-06, 0], [1784325124.0563512, 6.4e-06, 0], [1784325129.0905821, 6.41e-06, 0], [1784325134.1409583, 6.41e-06, 0], [1784325139.196, 6.42e-06, 0], [1784325144.2401404, 6.42e-06, 0], [1784325149.2885075, 6.42e-06, 0], [1784325154.338728, 6.42e-06, 0], [1784325159.3892405, 6.42e-06, 0], [1784325164.4222531, 6.42e-06, 0], [1784325169.4717805, 6.42e-06, 0], [1784325174.5053613, 6.42e-06, 0], [1784325179.5554147, 6.42e-06, 0], [1784325184.5885084, 6.42e-06, 0], [1784325189.6231685, 6.42e-06, 0], [1784325194.672071, 6.42e-06, 0], [1784325199.7226806, 6.42e-06, 0], [1784325204.7554827, 6.41e-06, 0], [1784325209.7897139, 6.41e-06, 0], [1784325214.839328, 6.41e-06, 0], [1784325219.8890753, 6.41e-06, 0], [1784325224.924503, 6.41e-06, 0], [1784325229.9723973, 6.41e-06, 0], [1784325235.0064163, 6.41e-06, 0], [1784325240.039562, 6.41e-06, 0], [1784325245.0729344, 6.41e-06, 0], [1784325250.1064987, 6.41e-06, 0], [1784325255.1410625, 6.41e-06, 0], [1784325260.1738908, 6.41e-06, 0], [1784325265.2098083, 6.4e-06, 0], [1784325270.2574615, 6.4e-06, 0], [1784325275.2924316, 6.4e-06, 0], [1784325280.3413343, 6.4e-06, 0], [1784325285.390954, 6.4e-06, 0], [1784325290.4263704, 6.4e-06, 0], [1784325295.458675, 6.4e-06, 0], [1784325300.4939182, 6.4e-06, 0], [1784325305.5416932, 6.4e-06, 0], [1784325310.5749533, 6.4e-06, 0], [1784325315.609018, 6.4e-06, 0], [1784325320.6427364, 6.4e-06, 0], [1784325325.6763415, 6.4e-06, 0], [1784325330.7274501, 6.4e-06, 0], [1784325335.7595024, 6.39e-06, 0], [1784325340.7935734, 6.39e-06, 0], [1784325345.8434508, 6.37e-06, 0], [1784325350.8764484, 6.36e-06, 0], [1784325355.9321926, 6.36e-06, 0], [1784325360.960572, 6.35e-06, 0], [1784325365.9939187, 6.34e-06, 0], [1784325371.0271506, 6.34e-06, 0], [1784325376.0611506, 6.33e-06, 0], [1784325381.0947292, 6.33e-06, 0], [1784325386.1293843, 6.32e-06, 0], [1784325391.1796892, 6.31e-06, 0], [1784325396.2328856, 6.31e-06, 0], [1784325401.2773292, 6.31e-06, 0], [1784325406.3120842, 6.3e-06, 0], [1784325411.3615255, 6.29e-06, 0], [1784325416.3954568, 6.29e-06, 0], [1784325421.4277773, 6.29e-06, 0], [1784325426.463358, 6.29e-06, 0], [1784325431.5116105, 6.29e-06, 0], [1784325436.5637078, 6.28e-06, 0], [1784325441.6108072, 6.28e-06, 0], [1784325446.6604905, 6.27e-06, 0], [1784325451.694825, 6.27e-06, 0], [1784325456.7276297, 6.27e-06, 0], [1784325461.7616467, 6.27e-06, 0], [1784325466.798713, 6.26e-06, 0], [1784325471.8282754, 6.26e-06, 0], [1784325476.862591, 6.26e-06, 0], [1784325481.9130592, 6.26e-06, 0], [1784325486.948672, 6.26e-06, 0], [1784325491.9960191, 6.26e-06, 0], [1784325497.0293517, 6.26e-06, 0], [1784325502.0630636, 6.26e-06, 0], [1784325507.111868, 6.26e-06, 0], [1784325512.1465223, 6.25e-06, 0], [1784325517.1804833, 6.25e-06, 0], [1784325522.213582, 6.25e-06, 0], [1784325527.2634304, 6.25e-06, 0], [1784325532.2976842, 6.25e-06, 0], [1784325537.3306227, 6.25e-06, 0], [1784325542.3653362, 6.25e-06, 0], [1784325547.4007905, 6.24e-06, 0], [1784325552.4479373, 6.24e-06, 0], [1784325557.4818556, 6.24e-06, 0], [1784325562.5311797, 6.24e-06, 0], [1784325567.5651236, 6.24e-06, 0], [1784325572.5985508, 6.24e-06, 0], [1784325577.632714, 6.24e-06, 0], [1784325582.666119, 6.24e-06, 0], [1784325587.6999652, 1.34e-05, 0], [1784325592.7368116, 1.27e-05, 0], [1784325597.78313, 1.14e-05, 0], [1784325602.8177416, 1.06e-05, 0], [1784325607.867035, 1.01e-05, 0], [1784325612.91613, 9.78e-06, 0], [1784325617.971481, 9.45e-06, 0], [1784325622.9995847, 9.16e-06, 0], [1784325628.0325944, 8.94e-06, 0], [1784325633.0509174, 8.73e-06, 0], [1784325638.1008081, 8.55e-06, 0], [1784325643.1498818, 8.38e-06, 0], [1784325648.1997674, 8.23e-06, 0], [1784325653.2355554, 8.09e-06, 0], [1784325658.2834995, 7.97e-06, 0], [1784325663.3168542, 7.85e-06, 0], [1784325668.3508308, 7.74e-06, 0], [1784325673.3998961, 7.63e-06, 0], [1784325678.4503217, 7.53e-06, 0], [1784325683.4843245, 7.43e-06, 0], [1784325688.5183375, 7.34e-06, 0], [1784325693.552047, 7.26e-06, 0], [1784325698.5852933, 7.19e-06, 0], [1784325703.6338987, 7.1e-06, 0], [1784325708.6687849, 7.04e-06, 0], [1784325713.7183363, 6.98e-06, 0], [1784325718.7516148, 6.92e-06, 0], [1784325723.785722, 6.87e-06, 0], [1784325728.835032, 6.82e-06, 0], [1784325733.8687177, 6.77e-06, 0], [1784325738.9018176, 6.73e-06, 0], [1784325743.9360726, 6.71e-06, 0], [1784325748.9756956, 6.68e-06, 0], [1784325754.0191956, 6.64e-06, 0], [1784325759.0546014, 6.6e-06, 0], [1784325764.0870414, 6.57e-06, 0], [1784325769.1205325, 6.55e-06, 0], [1784325774.17019, 6.52e-06, 0], [1784325779.2040775, 6.5e-06, 0], [1784325784.238479, 6.48e-06, 0], [1784325789.2728956, 6.46e-06, 0], [1784325794.3060153, 6.44e-06, 0], [1784325799.3385682, 6.43e-06, 0], [1784325804.3725255, 6.41e-06, 0], [1784325809.4078422, 6.39e-06, 0], [1784325814.4721222, 6.38e-06, 0], [1784325819.5053668, 6.37e-06, 0], [1784325824.570855, 6.36e-06, 0], [1784325829.6049519, 6.35e-06, 0], [1784325834.638581, 6.34e-06, 0], [1784325839.6730847, 6.33e-06, 0], [1784325844.7063005, 6.32e-06, 0], [1784325849.7397008, 6.31e-06, 0], [1784325854.7733307, 6.31e-06, 0], [1784325859.81445, 6.3e-06, 0], [1784325864.8565817, 6.29e-06, 0], [1784325869.9064305, 6.29e-06, 0], [1784325874.9419234, 6.28e-06, 0], [1784325879.9891374, 6.28e-06, 0], [1784325885.0104473, 6.27e-06, 0], [1784325890.1218348, 6.26e-06, 0], [1784325895.1545966, 6.26e-06, 0], [1784325900.1885488, 6.26e-06, 0], [1784325905.2399898, 6.25e-06, 0], [1784325910.2875822, 6.25e-06, 0], [1784325915.321322, 6.25e-06, 0], [1784325920.3556473, 6.24e-06, 0], [1784325925.4046073, 6.24e-06, 0], [1784325930.4544485, 6.24e-06, 0], [1784325935.5040727, 6.24e-06, 0], [1784325940.539226, 6.24e-06, 0], [1784325945.5728488, 6.23e-06, 0], [1784325950.60515, 6.23e-06, 0], [1784325955.638733, 6.23e-06, 0], [1784325960.6722348, 6.23e-06, 0], [1784325965.7063398, 6.22e-06, 0], [1784325970.7720034, 6.22e-06, 0], [1784325975.8051474, 6.22e-06, 0], [1784325980.8395398, 6.22e-06, 0], [1784325985.8737464, 6.22e-06, 0], [1784325990.9236841, 6.22e-06, 0], [1784325995.9633665, 6.22e-06, 0], [1784326001.0218682, 6.22e-06, 0], [1784326006.0561368, 6.22e-06, 0], [1784326011.0893917, 6.22e-06, 0], [1784326016.1239443, 6.21e-06, 0], [1784326021.172944, 6.21e-06, 0], [1784326026.2066052, 6.21e-06, 0], [1784326031.2414107, 6.21e-06, 0], [1784326036.2899852, 6.21e-06, 0], [1784326041.323392, 6.21e-06, 0], [1784326046.358762, 6.21e-06, 0], [1784326051.4069152, 6.21e-06, 0], [1784326056.489744, 6.21e-06, 0], [1784326061.523523, 6.2e-06, 0], [1784326066.5717547, 6.2e-06, 0], [1784326071.6058896, 6.2e-06, 0], [1784326076.639363, 6.2e-06, 0], [1784326081.6731427, 6.2e-06, 0], [1784326086.724354, 6.2e-06, 0], [1784326091.756872, 6.2e-06, 0], 