{"generated_at": 1784324121.4779465, "channels": {"3": {"name": "IONIVAC", "latest": {"ts": 1784324120.7383838, "channel": 3, "status": 0, "pressure_mbar": 6.94e-06, "raw": "0,\t6.9400E-06"}, "recent": [[1784323722.5503492, 0.0, 5], [1784323727.5987418, 0.0, 5], [1784323732.649642, 0.0, 5], [1784323737.6968758, 0.0, 6], [1784323742.7486367, 9.7e-06, 0], [1784323747.7820303, 8.53e-06, 0], [1784323752.8190262, 8.18e-06, 0], [1784323757.865489, 7.92e-06, 0], [1784323762.8968847, 7.77e-06, 0], [1784323767.950911, 7.67e-06, 0], [1784323772.9967253, 7.57e-06, 0], [1784323778.047973, 7.5e-06, 0], [1784323783.0824797, 7.43e-06, 0], [1784323788.1316826, 7.38e-06, 0], [1784323793.1684551, 7.33e-06, 0], [1784323798.2157087, 7.29e-06, 0], [1784323803.2481406, 7.27e-06, 0], [1784323808.2823982, 7.26e-06, 0], [1784323813.3157187, 7.23e-06, 0], [1784323818.349619, 7.21e-06, 0], [1784323823.392651, 7.2e-06, 0], [1784323828.4334164, 7.2e-06, 0], [1784323833.466786, 7.2e-06, 0], [1784323838.5010931, 7.19e-06, 0], [1784323843.550708, 7.18e-06, 0], [1784323848.5860853, 7.17e-06, 0], [1784323853.6367707, 7.16e-06, 0], [1784323858.6673555, 7.16e-06, 0], [1784323863.7168527, 7.19e-06, 0], [1784323868.7502003, 7.28e-06, 0], [1784323873.7842834, 7.39e-06, 0], [1784323878.8182015, 7.51e-06, 0], [1784323883.8521247, 7.55e-06, 0], [1784323888.8882577, 7.51e-06, 0], [1784323893.9347012, 7.25e-06, 0], [1784323898.9845529, 6.95e-06, 0], [1784323904.018851, 6.88e-06, 0], [1784323909.0680692, 6.68e-06, 0], [1784323914.1019702, 6.52e-06, 0], [1784323919.1513462, 6.51e-06, 0], [1784323924.185045, 6.56e-06, 0], [1784323929.2350411, 6.63e-06, 0], [1784323934.2680004, 6.7e-06, 0], [1784323939.2966504, 6.8e-06, 0], [1784323944.352225, 6.88e-06, 0], [1784323949.40164, 6.95e-06, 0], [1784323954.4350185, 6.98e-06, 0], [1784323959.4687622, 6.99e-06, 0], [1784323964.49833, 6.99e-06, 0], [1784323969.5361514, 6.99e-06, 0], [1784323974.569681, 6.99e-06, 0], [1784323979.5963333, 6.99e-06, 0], [1784323984.6364582, 7e-06, 0], [1784323989.6705556, 7.01e-06, 0], [1784323994.705643, 7.02e-06, 0], [1784323999.7543905, 7.02e-06, 0], [1784324004.807452, 7.03e-06, 0], [1784324009.8382, 7.03e-06, 0], [1784324014.885897, 7.03e-06, 0], [1784324019.9217129, 7.03e-06, 0], [1784324024.9546914, 7.03e-06, 0], [1784324029.986706, 7.03e-06, 0], [1784324035.0217786, 7.03e-06, 0], [1784324040.0553167, 7.03e-06, 0], [1784324045.1049886, 7.03e-06, 0], [1784324050.1527755, 7.03e-06, 0], [1784324055.1882348, 7.03e-06, 0], [1784324060.2223983, 7.03e-06, 0], [1784324065.255385, 7.03e-06, 0], [1784324070.3055668, 7.02e-06, 0], [1784324075.3366637, 7.01e-06, 0], [1784324080.3726692, 6.99e-06, 0], [1784324085.3980994, 6.99e-06, 0], [1784324090.4480524, 6.98e-06, 0], [1784324095.521674, 6.98e-06, 0], [1784324100.5553546, 6.98e-06, 0], [1784324105.6049187, 6.97e-06, 0], [1784324110.6379955, 6.96e-06, 0], [1784324115.686589, 6.95e-06, 0], [1784324120.7383838, 6.94e-06, 0]], "history": [[1784323740, 7.855833333333334e-06], [1784323800, 7.2025e-06], [1784323860, 7.101666666666667e-06], [1784323920, 6.870833333333333e-06], [1784323980, 7.023636363636364e-06], [1784324040, 7.0125e-06], [1784324100, 6.9599999999999994e-06]]}}}