{"generated_at": 1783118973.4871762, "channels": {"3": {"name": "IONIVAC", "latest": {"ts": 1783118971.1782608, "channel": 3, "status": 0, "pressure_mbar": 5.73e-08, "raw": "0,\t5.7300E-08"}, "recent": [[1783118370.3906794, 5.58e-08, 0], [1783118375.4291291, 5.59e-08, 0], [1783118380.4670963, 5.59e-08, 0], [1783118385.4777575, 5.59e-08, 0], [1783118390.5268, 5.59e-08, 0], [1783118395.5640712, 5.59e-08, 0], [1783118400.5935757, 5.59e-08, 0], [1783118405.6217878, 5.59e-08, 0], [1783118410.6444268, 5.59e-08, 0], [1783118415.6771615, 5.59e-08, 0], [1783118420.7108736, 5.59e-08, 0], [1783118425.74417, 5.59e-08, 0], [1783118430.7935872, 5.59e-08, 0], [1783118435.8181078, 5.59e-08, 0], [1783118440.8394644, 5.59e-08, 0], [1783118445.8766794, 5.59e-08, 0], [1783118450.9147243, 5.59e-08, 0], [1783118455.950698, 5.6e-08, 0], [1783118460.9611936, 5.6e-08, 0], [1783118466.011402, 5.6e-08, 0], [1783118471.0449858, 5.6e-08, 0], [1783118476.061059, 5.6e-08, 0], [1783118481.1093123, 5.6e-08, 0], [1783118486.1451843, 5.6e-08, 0], [1783118491.1605265, 5.6e-08, 0], [1783118496.1943822, 5.6e-08, 0], [1783118501.2442257, 5.6e-08, 0], [1783118506.277693, 5.6e-08, 0], [1783118511.3192635, 5.6e-08, 0], [1783118516.333477, 5.6e-08, 0], [1783118521.3629467, 5.6e-08, 0], [1783118526.4164424, 5.6e-08, 0], [1783118531.4326968, 5.6e-08, 0], [1783118536.470425, 5.6e-08, 0], [1783118541.5297906, 5.6e-08, 0], [1783118546.5667582, 5.6e-08, 0], [1783118551.5807836, 5.61e-08, 0], [1783118556.6104293, 5.61e-08, 0], [1783118561.6477478, 5.61e-08, 0], [1783118566.6781242, 5.61e-08, 0], [1783118571.7109668, 5.61e-08, 0], [1783118576.7613525, 5.61e-08, 0], [1783118581.7952282, 5.62e-08, 0], [1783118586.853176, 5.62e-08, 0], [1783118591.8607833, 5.62e-08, 0], [1783118596.9112322, 5.62e-08, 0], [1783118601.9441166, 5.62e-08, 0], [1783118608.6768515, 5.62e-08, 0], [1783118613.6948724, 5.62e-08, 0], [1783118618.744707, 5.62e-08, 0], [1783118623.778293, 5.62e-08, 0], [1783118628.8112376, 5.62e-08, 0], [1783118633.8606503, 5.63e-08, 0], [1783118638.8942616, 5.63e-08, 0], [1783118643.927723, 5.63e-08, 0], [1783118648.972764, 5.63e-08, 0], [1783118654.0105395, 5.63e-08, 0], [1783118659.0444503, 5.63e-08, 0], [1783118664.0850978, 5.64e-08, 0], [1783118669.1108584, 5.64e-08, 0], [1783118674.1615517, 5.64e-08, 0], [1783118679.1942239, 5.64e-08, 0], [1783118684.2281864, 5.64e-08, 0], [1783118689.2464225, 5.64e-08, 0], [1783118694.2952437, 5.64e-08, 0], [1783118699.3328931, 5.64e-08, 0], [1783118704.344598, 5.65e-08, 0], [1783118709.3940477, 5.65e-08, 0], [1783118714.4281116, 5.66e-08, 0], [1783118719.4669912, 5.66e-08, 0], [1783118724.4800081, 5.66e-08, 0], [1783118729.526788, 5.66e-08, 0], [1783118734.561269, 5.66e-08, 0], [1783118739.5949767, 5.66e-08, 0], [1783118744.626841, 5.66e-08, 0], [1783118749.6768901, 5.66e-08, 0], [1783118754.710447, 5.66e-08, 0], [1783118759.747805, 5.67e-08, 0], [1783118764.791192, 5.67e-08, 0], [1783118769.8108957, 5.67e-08, 0], [1783118774.8510993, 5.67e-08, 0], [1783118779.883054, 5.67e-08, 0], [1783118784.942779, 5.67e-08, 0], [1783118789.9773004, 5.67e-08, 0], [1783118795.0179634, 5.67e-08, 0], [1783118800.0389152, 5.68e-08, 0], [1783118805.0773778, 5.68e-08, 0], [1783118810.1157572, 5.68e-08, 0], [1783118815.1524887, 5.69e-08, 0], [1783118820.1901348, 5.69e-08, 0], [1783118825.2280953, 5.69e-08, 0], [1783118830.2500305, 5.69e-08, 0], [1783118835.2875073, 5.69e-08, 0], [1783118840.3094378, 5.69e-08, 0], [1783118845.3623745, 5.69e-08, 0], [1783118850.4007406, 5.69e-08, 0], [1783118855.4228404, 5.69e-08, 0], [1783118860.4600296, 5.69e-08, 0], [1783118865.48193, 5.69e-08, 0], [1783118870.5029793, 5.69e-08, 0], [1783118875.5414388, 5.69e-08, 0], [1783118880.5786657, 5.7e-08, 0], [1783118885.616963, 5.7e-08, 0], [1783118890.6545959, 5.7e-08, 0], [1783118895.6758149, 5.7e-08, 0], [1783118900.6981823, 5.71e-08, 0], [1783118905.735792, 5.71e-08, 0], [1783118910.7736957, 5.71e-08, 0], [1783118915.811302, 5.71e-08, 0], [1783118920.849064, 5.71e-08, 0], [1783118925.8867338, 5.71e-08, 0], [1783118930.9246702, 5.71e-08, 0], [1783118935.9461231, 5.71e-08, 0], [1783118940.9842148, 5.71e-08, 0], [1783118946.0222056, 5.72e-08, 0], [1783118951.04348, 5.72e-08, 0], [1783118956.0651972, 5.72e-08, 0], [1783118961.1032913, 5.72e-08, 0], [1783118966.140075, 5.73e-08, 0], [1783118971.1782608, 5.73e-08, 0]], "history": [[1783118340, 5.5883333333333334e-08], [1783118400, 5.5908333333333336e-08], [1783118460, 5.6e-08], [1783118520, 5.605e-08], [1783118580, 5.6216666666666664e-08], [1783118640, 5.636666666666667e-08], [1783118700, 5.6591666666666666e-08], [1783118760, 5.6745454545454545e-08], [1783118820, 5.6900000000000007e-08], [1783118880, 5.706666666666667e-08], [1783118940, 5.721428571428572e-08]]}}}