{"generated_at": 1784326612.4738944, "channels": {"3": {"name": "IONIVAC", "latest": {"ts": 1784326610.9937158, "channel": 3, "status": 0, "pressure_mbar": 6.17e-06, "raw": "0,\t6.1700E-06"}, "recent": [[1784324095.521674, 6.98e-06, 0], [1784324100.5553546, 6.98e-06, 0], [1784324105.6049187, 6.97e-06, 0], [1784324110.6379955, 6.96e-06, 0], [1784324115.686589, 6.95e-06, 0], [1784324120.7383838, 6.94e-06, 0], [1784324125.7715826, 6.92e-06, 0], [1784324130.7975948, 6.91e-06, 0], [1784324135.8388686, 6.89e-06, 0], [1784324140.8735301, 6.88e-06, 0], [1784324145.9224555, 6.86e-06, 0], [1784324150.971973, 6.85e-06, 0], [1784324155.996779, 6.83e-06, 0], [1784324161.0368335, 6.82e-06, 0], [1784324166.0751631, 6.8e-06, 0], [1784324171.123073, 6.78e-06, 0], [1784324176.1722832, 6.77e-06, 0], [1784324181.2238853, 6.75e-06, 0], [1784324186.271563, 6.75e-06, 0], [1784324191.3216808, 6.73e-06, 0], [1784324196.3553185, 6.72e-06, 0], [1784324201.3889155, 6.71e-06, 0], [1784324206.4386132, 6.69e-06, 0], [1784324211.4721444, 6.69e-06, 0], [1784324216.5233128, 6.67e-06, 0], [1784324221.5713456, 6.66e-06, 0], [1784324226.62101, 6.65e-06, 0], [1784324231.6545863, 6.64e-06, 0], [1784324236.7040706, 6.63e-06, 0], [1784324241.7541113, 6.63e-06, 0], [1784324246.7969787, 6.62e-06, 0], [1784324251.8378737, 6.61e-06, 0], [1784324256.8868883, 6.6e-06, 0], [1784324261.9314246, 6.6e-06, 0], [1784324266.9863105, 6.59e-06, 0], [1784324272.0213847, 6.58e-06, 0], [1784324277.0536606, 6.57e-06, 0], [1784324282.0963464, 6.57e-06, 0], [1784324287.1383793, 6.57e-06, 0], [1784324292.1707225, 6.56e-06, 0], [1784324297.2200909, 6.56e-06, 0], [1784324302.254033, 6.55e-06, 0], [1784324307.2879086, 6.55e-06, 0], [1784324312.337524, 6.54e-06, 0], [1784324317.371574, 6.54e-06, 0], [1784324322.4240885, 6.53e-06, 0], [1784324327.4706495, 6.53e-06, 0], [1784324332.5204134, 6.52e-06, 0], [1784324337.5542517, 6.52e-06, 0], [1784324342.6035273, 6.52e-06, 0], [1784324347.6376371, 6.51e-06, 0], [1784324352.6711445, 6.51e-06, 0], [1784324357.6987517, 6.51e-06, 0], [1784324362.7547345, 6.5e-06, 0], [1784324367.7967286, 6.5e-06, 0], [1784324372.8540356, 6.5e-06, 0], [1784324377.887845, 6.51e-06, 0], [1784324382.937581, 6.51e-06, 0], [1784324387.9869878, 6.51e-06, 0], [1784324393.0369835, 6.51e-06, 0], [1784324398.0705123, 6.51e-06, 0], [1784324403.1199887, 6.52e-06, 0], [1784324408.153929, 6.52e-06, 0], [1784324413.1967094, 6.52e-06, 0], [1784324418.2547538, 6.52e-06, 0], [1784324423.2965095, 6.52e-06, 0], [1784324428.3536692, 6.52e-06, 0], [1784324433.4027035, 6.52e-06, 0], [1784324438.4523673, 6.52e-06, 0], [1784324443.4962964, 6.52e-06, 0], [1784324448.5533557, 6.52e-06, 0], [1784324453.5976424, 6.52e-06, 0], [1784324458.651079, 6.52e-06, 0], [1784324463.6842053, 6.51e-06, 0], [1784324468.7194903, 6.51e-06, 0], [1784324473.752179, 6.5e-06, 0], [1784324478.7853887, 6.49e-06, 0], [1784324483.8349595, 6.49e-06, 0], [1784324488.8691156, 6.49e-06, 0], [1784324493.9266496, 6.49e-06, 0], [1784324498.9684992, 6.49e-06, 0], [1784324503.9972005, 6.49e-06, 0], [1784324509.0390751, 6.49e-06, 0], [1784324514.0853517, 6.49e-06, 0], [1784324519.1374905, 6.5e-06, 0], [1784324524.1890557, 6.51e-06, 0], [1784324529.2346478, 6.51e-06, 0], [1784324534.2677956, 6.52e-06, 0], [1784324539.297485, 6.52e-06, 0], [1784324544.351089, 6.52e-06, 0], [1784324549.386889, 6.52e-06, 0], [1784324554.4506938, 6.52e-06, 0], [1784324559.484464, 6.52e-06, 0], [1784324564.5171986, 6.52e-06, 0], [1784324569.5520256, 6.52e-06, 0], [1784324574.5853527, 6.52e-06, 0], [1784324579.634993, 6.52e-06, 0], [1784324584.6851075, 6.52e-06, 0], [1784324589.7342749, 6.52e-06, 0], [1784324594.7678764, 6.52e-06, 0], [1784324599.8018036, 6.52e-06, 0], [1784324604.835311, 6.52e-06, 0], [1784324609.8856215, 6.52e-06, 0], [1784324614.9549475, 6.52e-06, 0], [1784324619.9841285, 6.52e-06, 0], [1784324625.01726, 6.52e-06, 0], [1784324630.0512228, 6.52e-06, 0], [1784324635.0851588, 6.52e-06, 0], [1784324640.1183076, 6.52e-06, 0], [1784324645.152716, 6.52e-06, 0], [1784324650.1860383, 6.52e-06, 0], [1784324655.2200997, 6.52e-06, 0], [1784324660.254064, 6.52e-06, 0], [1784324665.3028438, 6.52e-06, 0], [1784324670.3530507, 6.52e-06, 0], [1784324675.3865247, 6.52e-06, 0], [1784324680.4254797, 6.51e-06, 0], [1784324685.4692273, 6.5e-06, 0], [1784324690.4877553, 6.49e-06, 0], [1784324695.5211663, 6.48e-06, 0], [1784324700.5553722, 6.47e-06, 0], [1784324705.588362, 6.46e-06, 0], [1784324710.622339, 6.45e-06, 0], [1784324715.6555746, 6.44e-06, 0], [1784324720.7056277, 6.44e-06, 0], [1784324725.739168, 6.43e-06, 0], [1784324730.7730968, 6.42e-06, 0], [1784324735.8063061, 6.41e-06, 0], [1784324740.8411467, 6.41e-06, 0], [1784324745.8913143, 6.41e-06, 0], [1784324750.9262476, 6.4e-06, 0], [1784324755.9569101, 6.39e-06, 0], [1784324760.991058, 6.39e-06, 0], [1784324766.0253117, 6.39e-06, 0], [1784324771.0586104, 6.39e-06, 0], [1784324776.0947704, 6.38e-06, 0], [1784324781.1417005, 6.38e-06, 0], [1784324786.1761477, 6.37e-06, 0], [1784324791.2100263, 6.36e-06, 0], [1784324796.2695973, 6.36e-06, 0], [1784324801.308959, 6.36e-06, 0], [1784324806.3423967, 6.36e-06, 0], [1784324811.376621, 6.36e-06, 0], [1784324816.4255745, 6.36e-06, 0], [1784324821.475837, 6.35e-06, 0], [1784324826.509598, 6.35e-06, 0], [1784324831.5432487, 6.35e-06, 0], [1784324836.576698, 6.34e-06, 0], [1784324841.626674, 6.34e-06, 0], [1784324846.661769, 6.34e-06, 0], [1784324851.7097523, 6.34e-06, 0], [1784324856.7753131, 6.34e-06, 0], [1784324861.8251958, 6.34e-06, 0], [1784324866.874542, 6.34e-06, 0], [1784324871.9239233, 6.34e-06, 0], [1784324876.9575436, 6.33e-06, 0], [1784324882.0076408, 6.33e-06, 0], [1784324887.0580451, 6.33e-06, 0], [1784324892.1068218, 6.33e-06, 0], [1784324897.141922, 6.33e-06, 0], [1784324902.1906219, 6.32e-06, 0], [1784324907.2402024, 6.32e-06, 0], [1784324912.29045, 6.32e-06, 0], [1784324917.355215, 6.32e-06, 0], [1784324922.4048657, 6.32e-06, 0], [1784324927.4391086, 6.33e-06, 0], [1784324932.4724, 6.35e-06, 0], [1784324937.5067282, 6.36e-06, 0], [1784324942.5561657, 6.36e-06, 0], [1784324947.5908787, 6.36e-06, 0], [1784324952.6392384, 6.36e-06, 0], [1784324957.6884859, 6.36e-06, 0], [1784324962.723852, 6.36e-06, 0], [1784324967.7719927, 6.36e-06, 0], [1784324972.8059251, 6.36e-06, 0], [1784324977.856143, 6.36e-06, 0], [1784324982.8891802, 6.36e-06, 0], [1784324987.9393692, 6.36e-06, 0], [1784324992.9884174, 6.36e-06, 0], [1784324998.0221927, 6.36e-06, 0], [1784325003.0567102, 6.36e-06, 0], [1784325008.1080308, 6.36e-06, 0], [1784325013.1551468, 6.36e-06, 0], [1784325018.1927981, 6.36e-06, 0], [1784325023.2384808, 6.36e-06, 0], [1784325028.256112, 6.36e-06, 0], [1784325033.305921, 6.38e-06, 0], [1784325038.3552608, 6.39e-06, 0], [1784325043.389514, 6.39e-06, 0], [1784325048.4546986, 6.39e-06, 0], [1784325053.5045435, 6.39e-06, 0], [1784325058.5218701, 6.39e-06, 0], [1784325063.5562642, 6.39e-06, 0], [1784325068.606025, 6.39e-06, 0], [1784325073.6397767, 6.39e-06, 0], [1784325078.6728945, 6.39e-06, 0], [1784325083.722451, 6.39e-06, 0], [1784325088.7564104, 6.39e-06, 0], [1784325093.79015, 6.39e-06, 0], [1784325098.8408136, 6.39e-06, 0], [1784325103.8951333, 6.39e-06, 0], [1784325108.9394348, 6.39e-06, 0], [1784325113.9767199, 6.39e-06, 0], [1784325119.0239167, 6.39e-06, 0], [1784325124.0563512, 6.4e-06, 0], [1784325129.0905821, 6.41e-06, 0], [1784325134.1409583, 6.41e-06, 0], [1784325139.196, 6.42e-06, 0], [1784325144.2401404, 6.42e-06, 0], [1784325149.2885075, 6.42e-06, 0], [1784325154.338728, 6.42e-06, 0], [1784325159.3892405, 6.42e-06, 0], [1784325164.4222531, 6.42e-06, 0], [1784325169.4717805, 6.42e-06, 0], [1784325174.5053613, 6.42e-06, 0], [1784325179.5554147, 6.42e-06, 0], [1784325184.5885084, 6.42e-06, 0], [1784325189.6231685, 6.42e-06, 0], [1784325194.672071, 6.42e-06, 0], [1784325199.7226806, 6.42e-06, 0], [1784325204.7554827, 6.41e-06, 0], [1784325209.7897139, 6.41e-06, 0], [1784325214.839328, 6.41e-06, 0], [1784325219.8890753, 6.41e-06, 0], [1784325224.924503, 6.41e-06,