{"generated_at": 1784328227.5900514, "channels": {"3": {"name": "IONIVAC", "latest": {"ts": 1784328224.1546292, "channel": 3, "status": 0, "pressure_mbar": 6.09e-06, "raw": "0,\t6.0900E-06"}, "recent": [[1784325708.6687849, 7.04e-06, 0], [1784325713.7183363, 6.98e-06, 0], [1784325718.7516148, 6.92e-06, 0], [1784325723.785722, 6.87e-06, 0], [1784325728.835032, 6.82e-06, 0], [1784325733.8687177, 6.77e-06, 0], [1784325738.9018176, 6.73e-06, 0], [1784325743.9360726, 6.71e-06, 0], [1784325748.9756956, 6.68e-06, 0], [1784325754.0191956, 6.64e-06, 0], [1784325759.0546014, 6.6e-06, 0], [1784325764.0870414, 6.57e-06, 0], [1784325769.1205325, 6.55e-06, 0], [1784325774.17019, 6.52e-06, 0], [1784325779.2040775, 6.5e-06, 0], [1784325784.238479, 6.48e-06, 0], [1784325789.2728956, 6.46e-06, 0], [1784325794.3060153, 6.44e-06, 0], [1784325799.3385682, 6.43e-06, 0], [1784325804.3725255, 6.41e-06, 0], [1784325809.4078422, 6.39e-06, 0], [1784325814.4721222, 6.38e-06, 0], [1784325819.5053668, 6.37e-06, 0], [1784325824.570855, 6.36e-06, 0], [1784325829.6049519, 6.35e-06, 0], [1784325834.638581, 6.34e-06, 0], [1784325839.6730847, 6.33e-06, 0], [1784325844.7063005, 6.32e-06, 0], [1784325849.7397008, 6.31e-06, 0], [1784325854.7733307, 6.31e-06, 0], [1784325859.81445, 6.3e-06, 0], [1784325864.8565817, 6.29e-06, 0], [1784325869.9064305, 6.29e-06, 0], [1784325874.9419234, 6.28e-06, 0], [1784325879.9891374, 6.28e-06, 0], [1784325885.0104473, 6.27e-06, 0], [1784325890.1218348, 6.26e-06, 0], [1784325895.1545966, 6.26e-06, 0], [1784325900.1885488, 6.26e-06, 0], [1784325905.2399898, 6.25e-06, 0], [1784325910.2875822, 6.25e-06, 0], [1784325915.321322, 6.25e-06, 0], [1784325920.3556473, 6.24e-06, 0], [1784325925.4046073, 6.24e-06, 0], [1784325930.4544485, 6.24e-06, 0], [1784325935.5040727, 6.24e-06, 0], [1784325940.539226, 6.24e-06, 0], [1784325945.5728488, 6.23e-06, 0], [1784325950.60515, 6.23e-06, 0], [1784325955.638733, 6.23e-06, 0], [1784325960.6722348, 6.23e-06, 0], [1784325965.7063398, 6.22e-06, 0], [1784325970.7720034, 6.22e-06, 0], [1784325975.8051474, 6.22e-06, 0], [1784325980.8395398, 6.22e-06, 0], [1784325985.8737464, 6.22e-06, 0], [1784325990.9236841, 6.22e-06, 0], [1784325995.9633665, 6.22e-06, 0], [1784326001.0218682, 6.22e-06, 0], [1784326006.0561368, 6.22e-06, 0], [1784326011.0893917, 6.22e-06, 0], [1784326016.1239443, 6.21e-06, 0], [1784326021.172944, 6.21e-06, 0], [1784326026.2066052, 6.21e-06, 0], [1784326031.2414107, 6.21e-06, 0], [1784326036.2899852, 6.21e-06, 0], [1784326041.323392, 6.21e-06, 0], [1784326046.358762, 6.21e-06, 0], [1784326051.4069152, 6.21e-06, 0], [1784326056.489744, 6.21e-06, 0], [1784326061.523523, 6.2e-06, 0], [1784326066.5717547, 6.2e-06, 0], [1784326071.6058896, 6.2e-06, 0], [1784326076.639363, 6.2e-06, 0], [1784326081.6731427, 6.2e-06, 0], [1784326086.724354, 6.2e-06, 0], [1784326091.756872, 6.2e-06, 0], [1784326096.8059773, 6.2e-06, 0], [1784326101.8721366, 6.2e-06, 0], [1784326106.9072528, 6.2e-06, 0], [1784326111.9547544, 6.2e-06, 0], [1784326117.0041332, 6.2e-06, 0], [1784326122.038939, 6.2e-06, 0], [1784326127.0717778, 6.2e-06, 0], [1784326132.1053767, 6.2e-06, 0], [1784326137.139894, 6.2e-06, 0], [1784326142.1735253, 6.2e-06, 0], [1784326147.1910582, 6.2e-06, 0], [1784326152.224735, 6.2e-06, 0], [1784326157.2597044, 6.19e-06, 0], [1784326162.2931693, 6.19e-06, 0], [1784326167.3427694, 6.19e-06, 0], [1784326172.391054, 6.19e-06, 0], [1784326177.4254622, 6.19e-06, 0], [1784326182.4742436, 6.19e-06, 0], [1784326187.5086064, 6.19e-06, 0], [1784326192.5589705, 6.19e-06, 0], [1784326197.5921333, 6.19e-06, 0], [1784326202.6410372, 6.19e-06, 0], [1784326207.6758692, 6.19e-06, 0], [1784326212.7250397, 6.19e-06, 0], [1784326217.7596953, 6.19e-06, 0], [1784326222.7933698, 6.19e-06, 0], [1784326227.8260887, 6.19e-06, 0], [1784326232.8748865, 6.19e-06, 0], [1784326237.910226, 6.19e-06, 0], [1784326242.958807, 6.19e-06, 0], [1784326247.9936604, 6.19e-06, 0], [1784326253.0263398, 6.19e-06, 0], [1784326258.0758004, 6.2e-06, 0], [1784326263.1094167, 6.2e-06, 0], [1784326268.1430404, 6.2e-06, 0], [1784326273.1926703, 6.2e-06, 0], [1784326278.2425942, 6.2e-06, 0], [1784326283.2927027, 6.2e-06, 0], [1784326288.3265302, 6.2e-06, 0], [1784326293.375924, 6.2e-06, 0], [1784326298.4092143, 6.2e-06, 0], [1784326303.4584832, 6.2e-06, 0], [1784326308.508388, 6.19e-06, 0], [1784326313.5600743, 6.19e-06, 0], [1784326318.5927508, 6.19e-06, 0], [1784326323.6418698, 6.19e-06, 0], [1784326328.6806154, 6.19e-06, 0], [1784326333.7255087, 6.19e-06, 0], [1784326338.774988, 6.19e-06, 0], [1784326343.8243408, 6.19e-06, 0], [1784326348.8585036, 6.19e-06, 0], [1784326353.9078946, 6.19e-06, 0], [1784326358.9640512, 6.19e-06, 0], [1784326364.0068984, 6.19e-06, 0], [1784326369.040909, 6.19e-06, 0], [1784326374.090422, 6.19e-06, 0], [1784326379.1272402, 6.19e-06, 0], [1784326384.1580067, 6.19e-06, 0], [1784326389.1915445, 6.19e-06, 0], [1784326394.2418954, 6.18e-06, 0], [1784326399.291499, 6.18e-06, 0], [1784326404.3409634, 6.18e-06, 0], [1784326409.392079, 6.18e-06, 0], [1784326414.4393346, 6.18e-06, 0], [1784326419.4737778, 6.18e-06, 0], [1784326424.5079305, 6.18e-06, 0], [1784326429.5412855, 6.18e-06, 0], [1784326434.5752788, 6.18e-06, 0], [1784326439.60862, 6.18e-06, 0], [1784326444.6587224, 6.18e-06, 0], [1784326449.709062, 6.18e-06, 0], [1784326454.7576542, 6.17e-06, 0], [1784326459.7912786, 6.17e-06, 0], [1784326464.8270764, 6.17e-06, 0], [1784326469.8751576, 6.17e-06, 0], [1784326474.9242206, 6.17e-06, 0], [1784326479.958074, 6.17e-06, 0], [1784326484.992497, 6.17e-06, 0], [1784326490.0412486, 6.17e-06, 0], [1784326495.075641, 6.17e-06, 0], [1784326500.108856, 6.17e-06, 0], [1784326505.1424253, 6.17e-06, 0], [1784326510.1763997, 6.17e-06, 0], [1784326515.2098758, 6.17e-06, 0], [1784326520.2461262, 6.17e-06, 0], [1784326525.293292, 6.17e-06, 0], [1784326530.3265715, 6.17e-06, 0], [1784326535.360374, 6.17e-06, 0], [1784326540.3940337, 6.17e-06, 0], [1784326545.4297216, 6.17e-06, 0], [1784326550.477306, 6.17e-06, 0], [1784326555.5121577, 6.17e-06, 0], [1784326560.56083, 6.17e-06, 0], [1784326565.5982196, 6.17e-06, 0], [1784326570.6292624, 6.17e-06, 0], [1784326575.6772778, 6.17e-06, 0], [1784326580.7110205, 6.17e-06, 0], [1784326585.7451026, 6.17e-06, 0], [1784326590.7994153, 6.17e-06, 0], [1784326595.844181, 6.17e-06, 0], [1784326600.8939712, 6.17e-06, 0], [1784326605.9618597, 6.17e-06, 0], [1784326610.9937158, 6.17e-06, 0], [1784326616.0269434, 6.17e-06, 0], [1784326621.0624242, 6.17e-06, 0], [1784326626.0943573, 6.17e-06, 0], [1784326631.1442134, 6.17e-06, 0], [1784326636.1779265, 6.17e-06, 0], [1784326641.2270327, 6.17e-06, 0], [1784326646.2624035, 6.17e-06, 0], [1784326651.3107398, 6.17e-06, 0], [1784326656.3438702, 6.16e-06, 0], [1784326661.3778317, 6.16e-06, 0], [1784326666.427435, 6.16e-06, 0], [1784326671.4625077, 6.16e-06, 0], [1784326676.511233, 6.16e-06, 0], [1784326681.5599031, 6.16e-06, 0], [1784326686.5955114, 6.16e-06, 0], [1784326691.6446924, 6.16e-06, 0], [1784326696.6773634, 6.16e-06, 0], [1784326701.7127283, 6.16e-06, 0], [1784326706.7607543, 6.16e-06, 0], [1784326711.7955725, 6.16e-06, 0], [1784326716.8278098, 6.16e-06, 0], [1784326721.8458405, 6.16e-06, 0], [1784326726.8953378, 6.16e-06, 0], [1784326731.9341855, 6.16e-06, 0], [1784326736.9784074, 6.16e-06, 0], [1784326742.0122411, 6.16e-06, 0], [1784326747.0460925, 6.16e-06, 0], [1784326752.0798006, 6.16e-06, 0], [1784326757.1462603, 6.16e-06, 0], [1784326762.1799815, 6.16e-06, 0], [1784326767.2284741, 6.16e-06, 0], [1784326772.2789571, 6.16e-06, 0], [1784326777.313261, 6.16e-06, 0], [1784326782.3619432, 6.16e-06, 0], [1784326787.3963637, 6.16e-06, 0], [1784326792.430511, 6.16e-06, 0], [1784326797.479233, 6.16e-06, 0], [1784326802.5328023, 6.16e-06, 0], [1784326807.562897, 6.16e-06, 0], [1784326812.612719, 6.16e-06, 0], [1784326817.6620383, 6.16e-06, 0], [1784326822.711509, 6.16e-06, 0], [1784326827.7616725, 6.16e-06, 0], [1784326832.7951345, 6.16e-06, 0], [1784326837.8446712, 6.16e-06, 0], 