{"generated_at": 1783122208.4997764, "channels": {"3": {"name": "IONIVAC", "latest": {"ts": 1783122206.3088765, "channel": 3, "status": 0, "pressure_mbar": 5.74e-08, "raw": "0,\t5.7400E-08"}, "recent": [[1783119692.192943, 5.86e-08, 0], [1783119697.2374094, 5.86e-08, 0], [1783119702.278125, 5.86e-08, 0], [1783119707.3150115, 5.85e-08, 0], [1783119712.348417, 5.85e-08, 0], [1783119717.3903992, 5.85e-08, 0], [1783119722.4276416, 5.84e-08, 0], [1783119727.4660892, 5.84e-08, 0], [1783119732.503446, 5.84e-08, 0], [1783119737.5412486, 5.84e-08, 0], [1783119742.5775769, 5.84e-08, 0], [1783119747.6163335, 5.84e-08, 0], [1783119752.6537745, 5.84e-08, 0], [1783119757.6767178, 5.83e-08, 0], [1783119762.729854, 5.83e-08, 0], [1783119767.7630932, 5.83e-08, 0], [1783119772.8042877, 5.83e-08, 0], [1783119777.8256133, 5.83e-08, 0], [1783119782.8632386, 5.83e-08, 0], [1783119787.8967671, 5.83e-08, 0], [1783119792.9528418, 5.82e-08, 0], [1783119797.9930158, 5.82e-08, 0], [1783119803.0285578, 5.82e-08, 0], [1783119808.0772717, 5.82e-08, 0], [1783119813.1281745, 5.82e-08, 0], [1783119818.162697, 5.82e-08, 0], [1783119823.2120538, 5.82e-08, 0], [1783119828.250482, 5.81e-08, 0], [1783119833.269802, 5.81e-08, 0], [1783119838.3062677, 5.81e-08, 0], [1783119843.348751, 5.81e-08, 0], [1783119848.3942807, 5.81e-08, 0], [1783119853.432921, 5.81e-08, 0], [1783119858.480142, 5.81e-08, 0], [1783119863.520988, 5.8e-08, 0], [1783119868.5852416, 5.8e-08, 0], [1783119873.62316, 5.8e-08, 0], [1783119878.6608443, 5.8e-08, 0], [1783119883.6983378, 5.8e-08, 0], [1783119888.736358, 5.8e-08, 0], [1783119893.7722383, 5.8e-08, 0], [1783119898.8114324, 5.8e-08, 0], [1783119903.8490815, 5.8e-08, 0], [1783119908.903207, 5.79e-08, 0], [1783119913.940927, 5.79e-08, 0], [1783119918.9778402, 5.79e-08, 0], [1783119924.0114334, 5.79e-08, 0], [1783119929.0538774, 5.79e-08, 0], [1783119934.0912848, 5.78e-08, 0], [1783119939.1291838, 5.78e-08, 0], [1783119944.166598, 5.78e-08, 0], [1783119949.2202733, 5.78e-08, 0], [1783119954.2419398, 5.78e-08, 0], [1783119959.2795608, 5.78e-08, 0], [1783119964.3177, 5.78e-08, 0], [1783119969.3447165, 5.78e-08, 0], [1783119974.3897648, 5.78e-08, 0], [1783119979.4303808, 5.78e-08, 0], [1783119984.4682357, 5.78e-08, 0], [1783119989.505854, 5.78e-08, 0], [1783119994.5431552, 5.78e-08, 0], [1783119999.5814815, 5.78e-08, 0], [1783120004.6191797, 5.78e-08, 0], [1783120009.6458845, 5.78e-08, 0], [1783120014.695126, 5.78e-08, 0], [1783120019.7288172, 5.78e-08, 0], [1783120024.7613943, 5.78e-08, 0], [1783120029.8081691, 5.78e-08, 0], [1783120034.845035, 5.78e-08, 0], [1783120039.8829935, 5.78e-08, 0], [1783120044.919933, 5.77e-08, 0], [1783120049.9583669, 5.77e-08, 0], [1783120054.9957404, 5.77e-08, 0], [1783120060.0493767, 5.77e-08, 0], [1783120065.086255, 5.77e-08, 0], [1783120070.1106362, 5.76e-08, 0], [1783120075.1615217, 5.76e-08, 0], [1783120080.1993015, 5.76e-08, 0], [1783120085.23815, 5.76e-08, 0], [1783120090.2753472, 5.76e-08, 0], [1783120095.3128362, 5.76e-08, 0], [1783120100.3508258, 5.76e-08, 0], [1783120105.3883712, 5.76e-08, 0], [1783120110.411039, 5.76e-08, 0], [1783120115.443424, 5.75e-08, 0], [1783120120.492089, 5.75e-08, 0], [1783120125.5386267, 5.75e-08, 0], [1783120130.5614645, 5.74e-08, 0], [1783120135.6126244, 5.74e-08, 0], [1783120140.6511226, 5.74e-08, 0], [1783120145.6619062, 5.74e-08, 0], [1783120150.6830027, 5.74e-08, 0], [1783120155.7344184, 5.73e-08, 0], [1783120160.7639623, 5.73e-08, 0], [1783120165.8210163, 5.73e-08, 0], [1783120170.8596194, 5.73e-08, 0], [1783120175.8954363, 5.73e-08, 0], [1783120180.9379983, 5.73e-08, 0], [1783120185.972847, 5.72e-08, 0], [1783120191.0282443, 5.72e-08, 0], [1783120196.06705, 5.72e-08, 0], [1783120201.1056893, 5.72e-08, 0], [1783120206.1421282, 5.72e-08, 0], [1783120211.1800435, 5.71e-08, 0], [1783120216.2178333, 5.71e-08, 0], [1783120221.2552724, 5.71e-08, 0], [1783120226.2919583, 5.71e-08, 0], [1783120231.3300173, 5.71e-08, 0], [1783120236.3677323, 5.71e-08, 0], [1783120241.4065092, 5.71e-08, 0], [1783120246.4434574, 5.7e-08, 0], [1783120251.4809966, 5.7e-08, 0], [1783120256.512849, 5.7e-08, 0], [1783120261.5518272, 5.69e-08, 0], [1783120266.5954216, 5.69e-08, 0], [1783120271.63221, 5.69e-08, 0], [1783120276.669972, 5.69e-08, 0], [1783120281.7064655, 5.69e-08, 0], [1783120286.7438462, 5.68e-08, 0], [1783120291.7830513, 5.68e-08, 0], [1783120296.8205123, 5.68e-08, 0], [1783120301.8422177, 5.68e-08, 0], [1783120306.879463, 5.68e-08, 0], [1783120311.9173996, 5.67e-08, 0], [1783120316.9553056, 5.67e-08, 0], [1783120321.9941154, 5.67e-08, 0], [1783120327.030448, 5.67e-08, 0], [1783120332.0682178, 5.67e-08, 0], [1783120337.1060681, 5.67e-08, 0], [1783120342.1433718, 5.67e-08, 0], [1783120347.1804554, 5.66e-08, 0], [1783120352.218765, 5.66e-08, 0], [1783120357.2567563, 5.66e-08, 0], [1783120362.294548, 5.66e-08, 0], [1783120367.3319814, 5.65e-08, 0], [1783120372.3696218, 5.65e-08, 0], [1783120377.41492, 5.64e-08, 0], [1783120382.4485066, 5.64e-08, 0], [1783120387.4983993, 5.64e-08, 0], [1783120392.5353441, 5.64e-08, 0], [1783120397.5741296, 5.63e-08, 0], [1783120402.612394, 5.63e-08, 0], [1783120407.6489537, 5.62e-08, 0], [1783120412.6872451, 5.62e-08, 0], [1783120417.725866, 5.62e-08, 0], [1783120422.761264, 5.62e-08, 0], [1783120427.8003213, 5.62e-08, 0], [1783120432.8380146, 5.62e-08, 0], [1783120437.8755972, 5.62e-08, 0], [1783120442.9134514, 5.61e-08, 0], [1783120447.9510813, 5.61e-08, 0], [1783120452.989615, 5.61e-08, 0], [1783120458.0266316, 5.6e-08, 0], [1783120463.0638385, 5.6e-08, 0], [1783120468.1017785, 5.6e-08, 0], [1783120473.1392329, 5.6e-08, 0], [1783120478.1768239, 5.6e-08, 0], [1783120483.2145755, 5.6e-08, 0], [1783120488.2524755, 5.6e-08, 0], [1783120493.290108, 5.59e-08, 0], [1783120498.315743, 5.59e-08, 0], [1783120503.3657992, 5.59e-08, 0], [1783120508.3978035, 5.59e-08, 0], [1783120513.441609, 5.59e-08, 0], [1783120518.4768054, 5.58e-08, 0], [1783120523.5083587, 5.58e-08, 0], [1783120528.5535383, 5.58e-08, 0], [1783120533.6059322, 5.58e-08, 0], [1783120538.6289034, 5.57e-08, 0], [1783120543.6664505, 5.57e-08, 0], [1783120548.7043438, 5.57e-08, 0], [1783120553.7417393, 5.57e-08, 0], [1783120558.7797596, 5.57e-08, 0], [1783120563.8176122, 5.57e-08, 0], [1783120568.8554304, 5.57e-08, 0], [1783120573.8927712, 5.57e-08, 0], [1783120578.9303045, 5.57e-08, 0], [1783120583.9685905, 5.57e-08, 0], [1783120589.0053563, 5.57e-08, 0], [1783120594.0273051, 5.57e-08, 0], [1783120599.065087, 5.56e-08, 0], [1783120604.086741, 5.56e-08, 0], [1783120609.1254032, 5.56e-08, 0], [1783120614.1616704, 5.56e-08, 0], [1783120619.2157605, 5.55e-08, 0], [1783120624.2390099, 5.55e-08, 0], [1783120629.2752588, 5.55e-08, 0], [1783120634.3132539, 5.55e-08, 0], [1783120639.3511324, 5.55e-08, 0], [1783120644.3882124, 5.54e-08, 0], [1783120649.4259622, 5.54e-08, 0], [1783120654.4636283, 5.54e-08, 0], [1783120659.5012102, 5.54e-08, 0], [1783120664.5384243, 5.54e-08, 0], [1783120669.5764024, 5.54e-08, 0], [1783120674.614113, 5.54e-08, 0], [1783120679.6521459, 5.54e-08, 0], [1783120684.6895268, 5.54e-08, 0], [1783120689.7274153, 5.54e-08, 0], [1783120694.7648935, 5.54e-08, 0], [1783120699.8024201, 5.54e-08, 0], [1783120704.8403614, 5.54e-08, 0], [1783120709.8777342, 5.54e-08, 0], [1783120714.9156926, 5.54e-08, 0], [1783120719.9534338, 5.54e-08, 0], [1783120724.9910333, 5.54e-08, 0], [1783120730.0287743, 5.54e-08, 0], [1783120735.0818102, 5.54e-08, 0], [1783120740.119893, 5.54e-08, 0], [1783120745.1737125, 5.54e-08, 0], [1783120750.2113733, 5.54e-08, 0], [1783120755.2488902, 5.54e-08, 0], [1783120760.2873752, 5.54e-08, 0], [1783120765.32453, 5.54e-08, 0], [1783120770.3616807, 5.54e-08, 0], [1783120775.400108, 5.53e-08, 0], [1783120780.4376616, 5.53e-08, 0], [1783120785.4755294, 5.53e-08, 0], [1783120790.5129344, 5.53e-08, 0], [1783120795.5506706, 5.53e-08, 0], [1783120800.6047976, 5.52e-08, 0], [1783120805.6417396, 5.52e-08, 0], [1783120810.663742, 5.52e-08, 0], [1783120815.7001193, 5.52e-08, 0], [1783120820.7389247, 5.52e-08, 0], 