{"generated_at": 1783122941.730861, "channels": {"3": {"name": "IONIVAC", "latest": {"ts": 1783122936.9155807, "channel": 3, "status": 0, "pressure_mbar": 5.77e-08, "raw": "0,\t5.7700E-08"}, "recent": [[1783120422.761264, 5.62e-08, 0], [1783120427.8003213, 5.62e-08, 0], [1783120432.8380146, 5.62e-08, 0], [1783120437.8755972, 5.62e-08, 0], [1783120442.9134514, 5.61e-08, 0], [1783120447.9510813, 5.61e-08, 0], [1783120452.989615, 5.61e-08, 0], [1783120458.0266316, 5.6e-08, 0], [1783120463.0638385, 5.6e-08, 0], [1783120468.1017785, 5.6e-08, 0], [1783120473.1392329, 5.6e-08, 0], [1783120478.1768239, 5.6e-08, 0], [1783120483.2145755, 5.6e-08, 0], [1783120488.2524755, 5.6e-08, 0], [1783120493.290108, 5.59e-08, 0], [1783120498.315743, 5.59e-08, 0], [1783120503.3657992, 5.59e-08, 0], [1783120508.3978035, 5.59e-08, 0], [1783120513.441609, 5.59e-08, 0], [1783120518.4768054, 5.58e-08, 0], [1783120523.5083587, 5.58e-08, 0], [1783120528.5535383, 5.58e-08, 0], [1783120533.6059322, 5.58e-08, 0], [1783120538.6289034, 5.57e-08, 0], [1783120543.6664505, 5.57e-08, 0], [1783120548.7043438, 5.57e-08, 0], [1783120553.7417393, 5.57e-08, 0], [1783120558.7797596, 5.57e-08, 0], [1783120563.8176122, 5.57e-08, 0], [1783120568.8554304, 5.57e-08, 0], [1783120573.8927712, 5.57e-08, 0], [1783120578.9303045, 5.57e-08, 0], [1783120583.9685905, 5.57e-08, 0], [1783120589.0053563, 5.57e-08, 0], [1783120594.0273051, 5.57e-08, 0], [1783120599.065087, 5.56e-08, 0], [1783120604.086741, 5.56e-08, 0], [1783120609.1254032, 5.56e-08, 0], [1783120614.1616704, 5.56e-08, 0], [1783120619.2157605, 5.55e-08, 0], [1783120624.2390099, 5.55e-08, 0], [1783120629.2752588, 5.55e-08, 0], [1783120634.3132539, 5.55e-08, 0], [1783120639.3511324, 5.55e-08, 0], [1783120644.3882124, 5.54e-08, 0], [1783120649.4259622, 5.54e-08, 0], [1783120654.4636283, 5.54e-08, 0], [1783120659.5012102, 5.54e-08, 0], [1783120664.5384243, 5.54e-08, 0], [1783120669.5764024, 5.54e-08, 0], [1783120674.614113, 5.54e-08, 0], [1783120679.6521459, 5.54e-08, 0], [1783120684.6895268, 5.54e-08, 0], [1783120689.7274153, 5.54e-08, 0], [1783120694.7648935, 5.54e-08, 0], [1783120699.8024201, 5.54e-08, 0], [1783120704.8403614, 5.54e-08, 0], [1783120709.8777342, 5.54e-08, 0], [1783120714.9156926, 5.54e-08, 0], [1783120719.9534338, 5.54e-08, 0], [1783120724.9910333, 5.54e-08, 0], [1783120730.0287743, 5.54e-08, 0], [1783120735.0818102, 5.54e-08, 0], [1783120740.119893, 5.54e-08, 0], [1783120745.1737125, 5.54e-08, 0], [1783120750.2113733, 5.54e-08, 0], [1783120755.2488902, 5.54e-08, 0], [1783120760.2873752, 5.54e-08, 0], [1783120765.32453, 5.54e-08, 0], [1783120770.3616807, 5.54e-08, 0], [1783120775.400108, 5.53e-08, 0], [1783120780.4376616, 5.53e-08, 0], [1783120785.4755294, 5.53e-08, 0], [1783120790.5129344, 5.53e-08, 0], [1783120795.5506706, 5.53e-08, 0], [1783120800.6047976, 5.52e-08, 0], [1783120805.6417396, 5.52e-08, 0], [1783120810.663742, 5.52e-08, 0], [1783120815.7001193, 5.52e-08, 0], [1783120820.7389247, 5.52e-08, 0], [1783120825.7765727, 5.52e-08, 0], [1783120830.8141396, 5.52e-08, 0], [1783120835.8519866, 5.52e-08, 0], [1783120840.8894298, 5.51e-08, 0], [1783120845.927563, 5.51e-08, 0], [1783120850.9646947, 5.51e-08, 0], [1783120856.0023885, 5.51e-08, 0], [1783120861.0404484, 5.5e-08, 0], [1783120866.0786679, 5.5e-08, 0], [1783120871.1156235, 5.5e-08, 0], [1783120876.1694825, 5.5e-08, 0], [1783120881.2231724, 5.5e-08, 0], [1783120886.2608511, 5.5e-08, 0], [1783120891.2985198, 5.5e-08, 0], [1783120896.3362272, 5.5e-08, 0], [1783120901.3750165, 5.5e-08, 0], [1783120906.4113162, 5.5e-08, 0], [1783120911.4489658, 5.5e-08, 0], [1783120916.4866135, 5.5e-08, 0], [1783120921.524679, 5.5e-08, 0], [1783120926.5624049, 5.5e-08, 0], [1783120931.600794, 5.5e-08, 0], [1783120936.637839, 5.5e-08, 0], [1783120941.6752806, 5.5e-08, 0], [1783120946.7132103, 5.5e-08, 0], [1783120951.7512517, 5.5e-08, 0], [1783120956.803835, 5.5e-08, 0], [1783120961.842305, 5.5e-08, 0], [1783120966.8798578, 5.5e-08, 0], [1783120971.9334486, 5.5e-08, 0], [1783120976.9709086, 5.5e-08, 0], [1783120982.0088162, 5.5e-08, 0], [1783120987.0645516, 5.5e-08, 0], [1783120992.1007586, 5.5e-08, 0], [1783120997.1380339, 5.5e-08, 0], [1783121002.173721, 5.5e-08, 0], [1783121007.2134795, 5.5e-08, 0], [1783121012.2512956, 5.5e-08, 0], [1783121017.2885075, 5.5e-08, 0], [1783121022.3424838, 5.5e-08, 0], [1783121027.3800333, 5.5e-08, 0], [1783121032.4178169, 5.5e-08, 0], [1783121037.4554706, 5.5e-08, 0], [1783121042.4933307, 5.5e-08, 0], [1783121047.5306406, 5.5e-08, 0], [1783121052.5683095, 5.5e-08, 0], [1783121057.606217, 5.5e-08, 0], [1783121062.643719, 5.5e-08, 0], [1783121067.681437, 5.5e-08, 0], [1783121072.719109, 5.5e-08, 0], [1783121077.7563214, 5.5e-08, 0], [1783121082.7948918, 5.5e-08, 0], [1783121087.827425, 5.5e-08, 0], [1783121092.8690524, 5.5e-08, 0], [1783121097.9072175, 5.5e-08, 0], [1783121102.9453104, 5.5e-08, 0], [1783121107.982476, 5.5e-08, 0], [1783121113.0052886, 5.5e-08, 0], [1783121118.0416384, 5.5e-08, 0], [1783121123.051507, 5.5e-08, 0], [1783121128.1016762, 5.5e-08, 0], [1783121133.1381645, 5.5e-08, 0], [1783121138.1608515, 5.5e-08, 0], [1783121143.1987958, 5.5e-08, 0], [1783121148.2365406, 5.5e-08, 0], [1783121153.2742457, 5.5e-08, 0], [1783121158.3127823, 5.5e-08, 0], [1783121163.349702, 5.5e-08, 0], [1783121168.3877356, 5.5e-08, 0], [1783121173.4249287, 5.5e-08, 0], [1783121178.4622786, 5.5e-08, 0], [1783121183.5002527, 5.5e-08, 0], [1783121188.537942, 5.5e-08, 0], [1783121193.5756352, 5.5e-08, 0], [1783121198.613024, 5.5e-08, 0], [1783121203.6509306, 5.5e-08, 0], [1783121208.7046435, 5.5e-08, 0], [1783121213.7423754, 5.5e-08, 0], [1783121218.7801933, 5.5e-08, 0], [1783121223.8180623, 5.5e-08, 0], [1783121228.8554587, 5.5e-08, 0], [1783121233.8932765, 5.5e-08, 0], [1783121238.930753, 5.5e-08, 0], [1783121243.9689965, 5.5e-08, 0], [1783121249.0063674, 5.5e-08, 0], [1783121254.0438628, 5.5e-08, 0], [1783121259.081744, 5.5e-08, 0], [1783121264.1193318, 5.5e-08, 0], [1783121269.1569967, 5.5e-08, 0], [1783121274.1945646, 5.51e-08, 0], [1783121279.2327006, 5.51e-08, 0], [1783121284.270255, 5.51e-08, 0], [1783121289.3076715, 5.52e-08, 0], [1783121294.345382, 5.52e-08, 0], [1783121299.3832705, 5.52e-08, 0], [1783121304.4210281, 5.52e-08, 0], [1783121309.4582949, 5.52e-08, 0], [1783121314.4960396, 5.52e-08, 0], [1783121319.5340283, 5.52e-08, 0], [1783121324.5715048, 5.53e-08, 0], [1783121329.6106915, 5.53e-08, 0], [1783121334.6467998, 5.53e-08, 0], [1783121339.6845174, 5.53e-08, 0], [1783121344.7219727, 5.53e-08, 0], [1783121349.7598515, 5.54e-08, 0], [1783121354.8132718, 5.54e-08, 0], [1783121359.8511038, 5.54e-08, 0], [1783121364.8893735, 5.54e-08, 0], [1783121369.9428024, 5.54e-08, 0], [1783121374.979563, 5.54e-08, 0], [1783121380.002785, 5.54e-08, 0], [1783121385.039713, 5.54e-08, 0], [1783121390.0773609, 5.54e-08, 0], [1783121395.1150687, 5.54e-08, 0], [1783121400.1527224, 5.54e-08, 0], [1783121405.19035, 5.54e-08, 0], [1783121410.244211, 5.54e-08, 0], [1783121415.297921, 5.54e-08, 0], [1783121420.335291, 5.54e-08, 0], [1783121425.3726954, 5.54e-08, 0], [1783121430.4105933, 5.54e-08, 0], [1783121435.4642467, 5.54e-08, 0], [1783121440.5019612, 5.54e-08, 0], [1783121445.5397637, 5.54e-08, 0], [1783121450.5773737, 5.54e-08, 0], [1783121455.6253793, 5.54e-08, 0], [1783121460.6687887, 5.54e-08, 0], [1783121465.7062933, 5.54e-08, 0], [1783121470.743726, 5.54e-08, 0], [1783121475.7815986, 5.54e-08, 0], [1783121480.8193262, 5.54e-08, 0], [1783121485.8651326, 5.54e-08, 0], [1783121490.8816023, 5.54e-08, 0], [1783121495.9159958, 5.55e-08, 0], [1783121500.9383693, 5.55e-08, 0], [1783121505.9755392, 5.55e-08, 0], [1783121511.0134964, 5.55e-08, 0], [1783121516.051068, 5.55e-08, 0], [1783121521.088841, 5.55e-08, 0], [1783121526.1263487, 5.55e-08, 0], [1783121531.1639786, 5.55e-08, 0], [1783121536.2014441, 5.55e-08, 0], [1783121541.2404544, 5.55e-08, 0], [1783121546.2768555, 5.55e-08, 0], [1783121551.31421, 5.55e-08, 0], [1783121556.352344, 5.55e-08, 0], [1783121561.3898547, 