{"generated_at": 1783121473.4790118, "channels": {"3": {"name": "IONIVAC", "latest": {"ts": 1783121470.743726, "channel": 3, "status": 0, "pressure_mbar": 5.54e-08, "raw": "0,\t5.5400E-08"}, "recent": [[1783118946.0222056, 5.72e-08, 0], [1783118951.04348, 5.72e-08, 0], [1783118956.0651972, 5.72e-08, 0], [1783118961.1032913, 5.72e-08, 0], [1783118966.140075, 5.73e-08, 0], [1783118971.1782608, 5.73e-08, 0], [1783118976.2156644, 5.73e-08, 0], [1783118981.2537332, 5.73e-08, 0], [1783118986.2907894, 5.73e-08, 0], [1783118991.328959, 5.73e-08, 0], [1783118996.3666975, 5.73e-08, 0], [1783119001.3889081, 5.74e-08, 0], [1783119006.4257817, 5.74e-08, 0], [1783119011.4639814, 5.74e-08, 0], [1783119016.4709394, 5.74e-08, 0], [1783119021.5239854, 5.74e-08, 0], [1783119026.5612845, 5.74e-08, 0], [1783119031.5718017, 5.74e-08, 0], [1783119036.6217065, 5.75e-08, 0], [1783119041.6563146, 5.75e-08, 0], [1783119046.7056012, 5.75e-08, 0], [1783119051.7447782, 5.75e-08, 0], [1783119056.7879434, 5.75e-08, 0], [1783119061.822343, 5.76e-08, 0], [1783119066.8562715, 5.76e-08, 0], [1783119071.8712351, 5.76e-08, 0], [1783119076.9213665, 5.76e-08, 0], [1783119081.95499, 5.76e-08, 0], [1783119086.9882, 5.76e-08, 0], [1783119092.021724, 5.76e-08, 0], [1783119097.0711923, 5.76e-08, 0], [1783119102.1109142, 5.76e-08, 0], [1783119107.1485183, 5.76e-08, 0], [1783119112.1862702, 5.76e-08, 0], [1783119117.2212558, 5.76e-08, 0], [1783119122.245816, 5.76e-08, 0], [1783119127.2780464, 5.76e-08, 0], [1783119132.304391, 5.77e-08, 0], [1783119137.339194, 5.77e-08, 0], [1783119142.38051, 5.77e-08, 0], [1783119147.3956888, 5.77e-08, 0], [1783119152.439996, 5.77e-08, 0], [1783119157.474922, 5.77e-08, 0], [1783119162.4885488, 5.78e-08, 0], [1783119167.53831, 5.78e-08, 0], [1783119172.572234, 5.78e-08, 0], [1783119177.612523, 5.78e-08, 0], [1783119182.650603, 5.78e-08, 0], [1783119187.688296, 5.78e-08, 0], [1783119192.722135, 5.78e-08, 0], [1783119197.7549078, 5.78e-08, 0], [1783119202.788498, 5.78e-08, 0], [1783119207.838913, 5.79e-08, 0], [1783119212.8766935, 5.79e-08, 0], [1783119217.9049346, 5.8e-08, 0], [1783119222.9389455, 5.8e-08, 0], [1783119227.9897058, 5.8e-08, 0], [1783119233.0218258, 5.8e-08, 0], [1783119238.0642521, 5.8e-08, 0], [1783119243.0787055, 5.8e-08, 0], [1783119248.124885, 5.81e-08, 0], [1783119253.1622024, 5.81e-08, 0], [1783119258.175239, 5.82e-08, 0], [1783119263.2224224, 5.82e-08, 0], [1783119268.2598839, 5.82e-08, 0], [1783119273.2885313, 5.82e-08, 0], [1783119278.3307257, 5.82e-08, 0], [1783119283.3722892, 5.83e-08, 0], [1783119288.4045556, 5.83e-08, 0], [1783119293.4218693, 5.83e-08, 0], [1783119298.4607162, 5.83e-08, 0], [1783119303.5080333, 5.83e-08, 0], [1783119308.5453227, 5.84e-08, 0], [1783119313.5609462, 5.84e-08, 0], [1783119318.604495, 5.84e-08, 0], [1783119323.6269417, 5.84e-08, 0], [1783119328.6647072, 5.84e-08, 0], [1783119333.6976, 5.84e-08, 0], [1783119338.7164273, 5.84e-08, 0], [1783119343.7625887, 5.84e-08, 0], [1783119348.7999623, 5.84e-08, 0], [1783119353.836975, 5.84e-08, 0], [1783119358.8454416, 5.85e-08, 0], [1783119363.8957877, 5.85e-08, 0], [1783119368.9293292, 5.85e-08, 0], [1783119373.9622812, 5.85e-08, 0], [1783119379.0107849, 5.86e-08, 0], [1783119384.0448978, 5.86e-08, 0], [1783119389.0847309, 5.86e-08, 0], [1783119394.0953536, 5.86e-08, 0], [1783119399.1449256, 5.86e-08, 0], [1783119404.1827652, 5.86e-08, 0], [1783119409.2127519, 5.86e-08, 0], [1783119414.2458518, 5.86e-08, 0], [1783119419.2961514, 5.87e-08, 0], [1783119424.3291879, 5.87e-08, 0], [1783119429.3624709, 5.87e-08, 0], [1783119434.4088414, 5.87e-08, 0], [1783119439.4460962, 5.87e-08, 0], [1783119444.4842865, 5.87e-08, 0], [1783119449.5217147, 5.87e-08, 0], [1783119454.5375743, 5.87e-08, 0], [1783119459.596732, 5.87e-08, 0], [1783119464.633494, 5.87e-08, 0], [1783119469.6722426, 5.87e-08, 0], [1783119474.7104347, 5.87e-08, 0], [1783119479.7462428, 5.87e-08, 0], [1783119484.7858274, 5.87e-08, 0], [1783119489.799031, 5.87e-08, 0], [1783119494.8452134, 5.87e-08, 0], [1783119499.8796158, 5.87e-08, 0], [1783119504.9136977, 5.87e-08, 0], [1783119520.896651, 5.87e-08, 0], [1783119525.9391823, 5.87e-08, 0], [1783119530.9797273, 5.87e-08, 0], [1783119536.002383, 5.87e-08, 0], [1783119541.0555532, 5.87e-08, 0], [1783119546.0852904, 5.87e-08, 0], [1783119551.1075704, 5.87e-08, 0], [1783119556.1605356, 5.87e-08, 0], [1783119561.1916146, 5.87e-08, 0], [1783119566.243735, 5.87e-08, 0], [1783119571.2787576, 5.87e-08, 0], [1783119576.3353765, 5.87e-08, 0], [1783119581.3707998, 5.87e-08, 0], [1783119586.4106731, 5.87e-08, 0], [1783119591.4482894, 5.87e-08, 0], [1783119596.4861183, 5.87e-08, 0], [1783119601.519667, 5.87e-08, 0], [1783119606.561436, 5.87e-08, 0], [1783119611.585248, 5.87e-08, 0], [1783119616.630034, 5.87e-08, 0], [1783119621.668933, 5.87e-08, 0], [1783119626.701607, 5.87e-08, 0], [1783119631.7359526, 5.87e-08, 0], [1783119636.7878134, 5.87e-08, 0], [1783119641.811224, 5.87e-08, 0], [1783119646.8461254, 5.87e-08, 0], [1783119651.8784118, 5.87e-08, 0], [1783119656.9081066, 5.87e-08, 0], [1783119661.9480329, 5.87e-08, 0], [1783119666.9976282, 5.87e-08, 0], [1783119672.0280204, 5.87e-08, 0], [1783119677.061167, 5.86e-08, 0], [1783119682.097285, 5.86e-08, 0], [1783119687.1447, 5.86e-08, 0], [1783119692.192943, 5.86e-08, 0], [1783119697.2374094, 5.86e-08, 0], [1783119702.278125, 5.86e-08, 0], [1783119707.3150115, 5.85e-08, 0], [1783119712.348417, 5.85e-08, 0], [1783119717.3903992, 5.85e-08, 0], [1783119722.4276416, 5.84e-08, 0], [1783119727.4660892, 5.84e-08, 0], [1783119732.503446, 5.84e-08, 0], [1783119737.5412486, 5.84e-08, 0], [1783119742.5775769, 5.84e-08, 0], [1783119747.6163335, 5.84e-08, 0], [1783119752.6537745, 5.84e-08, 0], [1783119757.6767178, 5.83e-08, 0], [1783119762.729854, 5.83e-08, 0], [1783119767.7630932, 5.83e-08, 0], [1783119772.8042877, 5.83e-08, 0], [1783119777.8256133, 5.83e-08, 0], [1783119782.8632386, 5.83e-08, 0], [1783119787.8967671, 5.83e-08, 0], [1783119792.9528418, 5.82e-08, 0], [1783119797.9930158, 5.82e-08, 0], [1783119803.0285578, 5.82e-08, 0], [1783119808.0772717, 5.82e-08, 0], [1783119813.1281745, 5.82e-08, 0], [1783119818.162697, 5.82e-08, 0], [1783119823.2120538, 5.82e-08, 0], [1783119828.250482, 5.81e-08, 0], [1783119833.269802, 5.81e-08, 0], [1783119838.3062677, 5.81e-08, 0], [1783119843.348751, 5.81e-08, 0], [1783119848.3942807, 5.81e-08, 0], [1783119853.432921, 5.81e-08, 0], [1783119858.480142, 5.81e-08, 0], [1783119863.520988, 5.8e-08, 0], [1783119868.5852416, 5.8e-08, 0], [1783119873.62316, 5.8e-08, 0], [1783119878.6608443, 5.8e-08, 0], [1783119883.6983378, 5.8e-08, 0], [1783119888.736358, 5.8e-08, 0], [1783119893.7722383, 5.8e-08, 0], [1783119898.8114324, 5.8e-08, 0], [1783119903.8490815, 5.8e-08, 0], [1783119908.903207, 5.79e-08, 0], [1783119913.940927, 5.79e-08, 0], [1783119918.9778402, 5.79e-08, 0], [1783119924.0114334, 5.79e-08, 0], [1783119929.0538774, 5.79e-08, 0], [1783119934.0912848, 5.78e-08, 0], [1783119939.1291838, 5.78e-08, 0], [1783119944.166598, 5.78e-08, 0], [1783119949.2202733, 5.78e-08, 0], [1783119954.2419398, 5.78e-08, 0], [1783119959.2795608, 5.78e-08, 0], [1783119964.3177, 5.78e-08, 0], [1783119969.3447165, 5.78e-08, 0], [1783119974.3897648, 5.78e-08, 0], [1783119979.4303808, 5.78e-08, 0], [1783119984.4682357, 5.78e-08, 0], [1783119989.505854, 5.78e-08, 0], [1783119994.5431552, 5.78e-08, 0], [1783119999.5814815, 5.78e-08, 0], [1783120004.6191797, 5.78e-08, 0], [1783120009.6458845, 5.78e-08, 0], [1783120014.695126, 5.78e-08, 0], [1783120019.7288172, 5.78e-08, 0], [1783120024.7613943, 5.78e-08, 0], [1783120029.8081691, 5.78e-08, 0], [1783120034.845035, 5.78e-08, 0], [1783120039.8829935, 5.78e-08, 0], [1783120044.919933, 5.77e-08, 0], [1783120049.9583669, 5.77e-08, 0], [1783120054.9957404, 5.77e-08, 0], [1783120060.0493767, 5.77e-08, 0], [1783120065.086255, 5.77e-08, 0], [1783120070.1106362, 5.76e-08, 0], [1783120075.1615217, 5.76e-08, 0], [1783120080.1993015, 5.76e-08, 0], [1783120085.23815, 5.76e-08, 0], 